#{"t_start": 1790178718.8318496, "env_id": "None"}
r,l,t
-618.447032,1000,6.2321
-599.897755,1000,7.236558
-579.503461,1000,8.289456
-633.297896,1000,9.328822
-595.228497,1000,10.373034
-598.979254,1000,11.955688
-619.460587,1000,13.504563
-568.252412,1000,15.064524
-624.605457,1000,16.08158
-634.32182,1000,17.135657
-177.354173,1000,39.785872
-73.590537,1000,57.890326
-79.650807,1000,75.790323
-161.157441,1000,93.094568
-144.623094,1000,110.478901
-259.458136,1000,127.889163
-275.237792,1000,145.602081
-185.381158,1000,163.7103
-72.103024,1000,181.155678
-13.348231,1000,198.407707
3.650277,1000,221.810943
-116.057631,1000,239.87183
-8.220331,1000,256.96583
16.635896,1000,274.131872
-88.045193,1000,291.406717
15.635702,1000,308.615649
-99.064455,1000,326.500532
13.555803,1000,344.212008
-32.04319,1000,361.390773
-30.073677,1000,378.466303
-128.811656,1000,402.320961
-132.090936,1000,420.118652
-115.45367,1000,437.29813
4.164977,1000,454.169791
-115.298882,1000,471.857939
-20.838665,1000,489.309715
28.801809,1000,508.186774
-105.997447,1000,526.408055
-90.737363,1000,544.01254
20.419144,1000,561.322824
-30.51929,1000,585.862373
17.369763,1000,603.331794
33.542933,1000,620.553961
-117.447466,1000,638.341858
30.150642,1000,656.376311
-119.552341,1000,674.049946
-117.697967,1000,691.148826
48.56505,1000,708.242447
-113.750141,1000,725.37314
-114.368824,1000,743.238997
68.571236,1000,767.229771
44.833438,1000,784.426596
95.018546,1000,802.083304
51.480086,1000,820.207436
44.094512,1000,837.4834
68.947278,1000,854.229758
-113.336684,1000,871.351613
91.814765,1000,888.96644
81.320684,1000,906.572578
70.444412,1000,924.253829
-127.508509,1000,948.436249
72.982901,1000,966.080199
96.558699,1000,983.220168
-129.620367,1000,1000.200532
111.93813,1000,1017.278501
-151.799696,1000,1034.31956
90.93492,1000,1051.263899
113.301958,1000,1069.06281
105.08447,1000,1086.871335
104.615302,1000,1104.013034
142.4504,1000,1128.351374
124.570546,1000,1146.063462
118.668658,1000,1163.468161
128.368626,1000,1180.94454
130.199651,1000,1198.000106
139.919773,1000,1214.687945
109.395884,1000,1232.138051
154.314618,1000,1249.73823
111.073553,1000,1266.464568
-163.515168,1000,1283.072618
-139.343857,1000,1308.140133
183.300955,1000,1325.521778
153.178139,1000,1342.183241
-136.002745,1000,1358.989534
156.80877,1000,1375.969956
143.313995,1000,1392.895166
136.570111,1000,1410.207792
162.325525,1000,1427.998581
-148.884183,1000,1445.14621
-137.594467,1000,1462.421641
162.890813,1000,1487.020321
158.200874,1000,1504.187836
175.901165,1000,1521.34023
156.400915,1000,1538.516643
166.296275,1000,1556.522205
182.925147,1000,1574.267652
-165.852758,1000,1591.502237
-145.700635,1000,1608.803149
176.643388,1000,1626.192218
174.634298,1000,1643.798236
-148.44608,1000,1668.671954
-138.00705,1000,1686.499737
161.740811,1000,1704.467199
-165.193059,1000,1722.10963
-146.555995,1000,1739.294251
-142.516388,1000,1756.60931
174.231754,1000,1773.533752
-126.148527,1000,1791.477402
249.446571,1000,1808.87241
186.808137,1000,1825.917464
-142.172601,1000,1850.173019
164.818864,1000,1867.685362
235.670777,1000,1884.853323
190.410599,1000,1902.284392
211.225117,1000,1919.817184
203.630299,1000,1937.361473
-146.526863,1000,1954.57868
187.310333,1000,1972.178255
209.371971,1000,1988.976848
218.949225,1000,2006.106541
-126.402131,1000,2031.437943
238.156033,1000,2048.217354
191.517562,1000,2064.678708
177.921532,1000,2081.747544
190.830959,1000,2099.110179
-170.1462,1000,2115.553133
202.053225,1000,2131.709661
220.281974,1000,2148.143881
225.041592,1000,2164.450387
-140.290573,1000,2180.775332
227.497334,1000,2205.100723
-154.431225,1000,2221.704685
246.386764,1000,2238.143219
222.224272,1000,2254.542319
-132.553885,1000,2271.926093
257.241639,1000,2288.787197
194.556441,1000,2305.438936
-163.757842,1000,2322.087918
215.401051,1000,2338.782519
268.531873,1000,2355.28016
-156.260944,1000,2379.132295
190.728745,1000,2395.494858
-190.016847,1000,2412.044064
-135.18503,1000,2428.417066
204.117016,1000,2445.427292
206.577126,1000,2462.367319
217.753165,1000,2478.966001
226.684249,1000,2495.277913
229.968855,1000,2511.839932
273.631785,1000,2528.185024
-164.873941,1000,2552.574071
230.358984,1000,2569.146443
288.294957,1000,2585.479892
236.359617,1000,2602.160201
-130.795863,1000,2619.39735
273.151517,1000,2636.756283
225.855398,1000,2653.300057
256.423404,1000,2669.838538
237.376693,1000,2687.876017
182.5342,1000,2707.260863
270.798081,1000,2732.991067
265.357604,1000,2754.390926
271.509387,1000,2777.064646
219.806906,1000,2799.640664
-159.458615,1000,2822.819256
272.561334,1000,2844.336616
285.954677,1000,2866.546785
205.574096,1000,2885.145917
218.368237,1000,2904.122204
-164.037093,1000,2925.126328
-175.777389,1000,2952.94973
302.931491,1000,2974.062896
282.522135,1000,2993.772114
-124.40019,1000,3013.406654
-162.556885,1000,3034.410819
255.925973,1000,3054.122604
265.681341,1000,3073.721077
253.967964,1000,3094.00306
-152.737931,1000,3114.428069
-168.131276,1000,3133.947629
261.438782,1000,3161.634209
-143.176121,1000,3181.097522
-176.662811,1000,3201.603737
-141.357663,1000,3220.356333
-137.449332,1000,3238.007373
235.403905,1000,3254.400592
227.338191,1000,3270.557176
-148.110326,1000,3287.135601
-148.744056,1000,3304.806737
228.928381,1000,3322.213975
-151.078953,1000,3346.932602
-155.393269,1000,3364.402514
289.544291,1000,3380.625928
315.478055,1000,3396.662993
-151.74837,1000,3412.848366
313.23453,1000,3428.972912
262.674967,1000,3444.696598
280.039359,1000,3460.523374
-154.431602,1000,3476.810796
311.701472,1000,3493.308999
275.571895,1000,3516.295327
280.431709,1000,3532.247757
287.041866,1000,3548.534731
314.276912,1000,3564.803115
-158.193774,1000,3581.049226
-154.783198,1000,3597.037983
-150.914391,1000,3612.991733
-169.518937,1000,3629.070857
-172.118487,1000,3644.962178
278.408491,1000,3660.894788
304.389261,1000,3684.059314
276.345359,1000,3699.970422
-123.970875,1000,3716.113621
-158.431819,1000,3732.107485
302.907339,1000,3747.912402
-136.543607,1000,3763.880702
-153.180157,1000,3780.924468
277.54942,1000,3797.737119
-143.961471,1000,3814.105982
-131.931512,1000,3830.699573
297.125271,1000,3854.469081
-161.318181,1000,3871.344317
310.398908,1000,3887.795404
-132.838634,1000,3904.179024
-130.923427,1000,3920.59902
333.9743,1000,3936.910285
-150.27773,1000,3953.646137
-120.428014,1000,3970.816001
295.809793,1000,3987.757058
309.130183,1000,4005.610873
251.087066,1000,4029.451252
278.536063,1000,4046.413062
286.01434,1000,4062.730784
-117.999539,1000,4079.825599
-134.217278,1000,4096.546293
308.688592,1000,4112.846293
330.136208,1000,4129.63933
-151.666143,1000,4147.040644
281.230293,1000,4163.853102
268.349067,1000,4180.180795
291.788828,1000,4203.529757
299.064095,1000,4220.694174
-139.929626,1000,4237.172751
-155.393746,1000,4253.830696
311.755191,1000,4270.279557
289.836027,1000,4286.830088
314.000532,1000,4303.420055
302.477068,1000,4320.928918
315.527121,1000,4338.503806
346.87636,1000,4355.09372
283.503378,1000,4379.704249
311.311148,1000,4396.84965
-152.263182,1000,4413.471725
304.868087,1000,4430.000555
348.11128,1000,4446.612367
263.546067,1000,4463.25755
304.072939,1000,4480.773033
273.538472,1000,4499.161924
271.846896,1000,4516.036942
-171.576026,1000,4532.597116
312.420054,1000,4556.436822
315.179068,1000,4573.085808
323.630418,1000,4589.603694
334.031918,1000,4606.264234
-174.370724,1000,4623.071534
335.826559,1000,4639.580581
-179.650465,1000,4657.077603
342.186708,1000,4674.449023
289.18447,1000,4691.155684
286.562135,1000,4707.808117
298.22295,1000,4731.685735
-174.452384,1000,4748.534009
-165.048026,1000,4765.222196
316.597401,1000,4782.099989
299.862022,1000,4798.988705
-139.465236,1000,4815.838352
340.573542,1000,4833.085421
-211.67231,1000,4850.230577
303.426581,1000,4866.960614
306.87266,1000,4883.473056
-148.638075,1000,4907.483342
315.447196,1000,4924.296712
311.397557,1000,4940.766334
-154.380658,1000,4957.228624
266.99745,1000,4973.875224
331.411139,1000,4990.467018
362.349185,1000,5007.664567
331.314568,1000,5025.24515
-146.074441,1000,5042.182802
-125.602729,1000,5058.866458
326.365158,1000,5082.643838
344.111278,1000,5099.688811
344.563021,1000,5116.22821
-150.819102,1000,5132.838366
-174.672802,1000,5149.532079
310.526205,1000,5166.259688
-163.589595,1000,5183.563883
349.650338,1000,5200.809484
331.206506,1000,5217.446085
-162.178621,1000,5234.32252
